PRAGMA foreign_keys=OFF;
BEGIN TRANSACTION;
CREATE TABLE IF NOT EXISTS "_prisma_migrations" (
    "id"                    TEXT PRIMARY KEY NOT NULL,
    "checksum"              TEXT NOT NULL,
    "finished_at"           DATETIME,
    "migration_name"        TEXT NOT NULL,
    "logs"                  TEXT,
    "rolled_back_at"        DATETIME,
    "started_at"            DATETIME NOT NULL DEFAULT current_timestamp,
    "applied_steps_count"   INTEGER UNSIGNED NOT NULL DEFAULT 0
);
INSERT INTO _prisma_migrations VALUES('7f3717d6-7d1e-4fa6-8c85-5cbdd735f08d','ce65fde9252921d60c9cde7d2b12568cd90067ff0709a05b5f319604d3e63f6b',1772806654953,'20260218195431_init',NULL,NULL,1772806654950,1);
INSERT INTO _prisma_migrations VALUES('eac33045-b335-448c-94e3-7bfe2682dbcb','f8f348a33a071464e2dd4f4c1dc00c135c6b5b13c399e7e3662d2474ea78a974',1772806654963,'20260306141734_add_review_status',NULL,NULL,1772806654959,1);
CREATE TABLE IF NOT EXISTS "Product" (
    "id" INTEGER NOT NULL PRIMARY KEY AUTOINCREMENT,
    "name" TEXT NOT NULL,
    "description" TEXT,
    "price" DECIMAL NOT NULL,
    "imageUrl" TEXT,
    "category" TEXT,
    "createdAt" DATETIME NOT NULL DEFAULT CURRENT_TIMESTAMP,
    "updatedAt" DATETIME NOT NULL
);
INSERT INTO Product VALUES(1,'Premium Pamuklu Tişört','Türkiye şartlarında üretilmiş en kaliteli premium Tişört',1999.990000000000009,'/uploads/1772807092729-pexels-gabby-k-6311251.jpg',NULL,1772807123501,1772807123501);
INSERT INTO Product VALUES(2,'Siyah T-Shirt','Artık siyah renk T-shirt YZL321Store beden seçenekleriyle ',1499,'/uploads/1772807565972-pexels-anna-nekrashevich-8532616.jpg',NULL,1772807601627,1772807601627);
INSERT INTO Product VALUES(3,'Kahverengi Tişört','( Sınırlı Stok! ) Kahverengi Tişört premium pamuklu kumaş ',2399.989999999999782,'/uploads/1772808109494-pexels-gabby-k-6311612.jpg',NULL,1772808148627,1772808148627);
INSERT INTO Product VALUES(4,'Özel Seri T-Shirt','Siz değerli müşterilerimiz için özel olarak özel kumaşlardan üretildi!',3299.989999999999782,'/uploads/1772808376752-pexels-renzylaurel-9370843.jpg',NULL,1772808425229,1772808425229);
INSERT INTO Product VALUES(5,'Turuncu T-Shirt',unistr('Premium Turuncu T-Shirt\u000aSizler için özel kumaşlardan üretildi.'),1900,'/uploads/1772809747676-pexels-vie-studio-8148577.jpg',NULL,1772809798585,1772809798585);
CREATE TABLE IF NOT EXISTS "Variant" (
    "id" INTEGER NOT NULL PRIMARY KEY AUTOINCREMENT,
    "name" TEXT NOT NULL,
    "sku" TEXT NOT NULL,
    "stock" INTEGER NOT NULL DEFAULT 0,
    "productId" INTEGER NOT NULL,
    CONSTRAINT "Variant_productId_fkey" FOREIGN KEY ("productId") REFERENCES "Product" ("id") ON DELETE RESTRICT ON UPDATE CASCADE
);
INSERT INTO Variant VALUES(1,'S','BS',10,1);
INSERT INTO Variant VALUES(2,'M','BM',10,1);
INSERT INTO Variant VALUES(3,'L','BL',9,1);
INSERT INTO Variant VALUES(4,'XL','BXL',6,1);
INSERT INTO Variant VALUES(5,'S','SS',10,2);
INSERT INTO Variant VALUES(6,'M','SM',7,2);
INSERT INTO Variant VALUES(7,'L','SL',5,2);
INSERT INTO Variant VALUES(8,'XL','SXL',7,2);
INSERT INTO Variant VALUES(9,'L','KL',2,3);
INSERT INTO Variant VALUES(10,'XL','KXL',4,3);
INSERT INTO Variant VALUES(11,'S','ÖS',98,4);
INSERT INTO Variant VALUES(12,'M','ÖM',99,4);
INSERT INTO Variant VALUES(13,'L','ÖL',100,4);
INSERT INTO Variant VALUES(14,'XL','ÖXL',100,4);
INSERT INTO Variant VALUES(15,'S','TS',100,5);
INSERT INTO Variant VALUES(16,'M','TM',99,5);
INSERT INTO Variant VALUES(17,'L','TL',100,5);
INSERT INTO Variant VALUES(18,'XL','TXL',122,5);
CREATE TABLE IF NOT EXISTS "OrderItem" (
    "id" INTEGER NOT NULL PRIMARY KEY AUTOINCREMENT,
    "orderId" INTEGER NOT NULL,
    "variantId" INTEGER NOT NULL,
    "quantity" INTEGER NOT NULL,
    "price" DECIMAL NOT NULL,
    CONSTRAINT "OrderItem_orderId_fkey" FOREIGN KEY ("orderId") REFERENCES "Order" ("id") ON DELETE RESTRICT ON UPDATE CASCADE,
    CONSTRAINT "OrderItem_variantId_fkey" FOREIGN KEY ("variantId") REFERENCES "Variant" ("id") ON DELETE RESTRICT ON UPDATE CASCADE
);
INSERT INTO OrderItem VALUES(1,1,1,1,1999.990000000000009);
INSERT INTO OrderItem VALUES(2,2,6,1,1499);
INSERT INTO OrderItem VALUES(3,2,4,1,1999.990000000000009);
INSERT INTO OrderItem VALUES(4,3,9,1,2399.989999999999782);
INSERT INTO OrderItem VALUES(5,3,6,1,1499);
INSERT INTO OrderItem VALUES(6,3,3,1,1999.990000000000009);
INSERT INTO OrderItem VALUES(7,4,11,1,3299.989999999999782);
INSERT INTO OrderItem VALUES(8,4,10,1,2399.989999999999782);
INSERT INTO OrderItem VALUES(9,4,7,1,1499);
INSERT INTO OrderItem VALUES(10,4,4,1,1999.990000000000009);
INSERT INTO OrderItem VALUES(11,5,11,1,3299.989999999999782);
INSERT INTO OrderItem VALUES(12,5,9,1,2399.989999999999782);
INSERT INTO OrderItem VALUES(13,5,7,1,1499);
INSERT INTO OrderItem VALUES(14,5,4,1,1999.990000000000009);
INSERT INTO OrderItem VALUES(15,6,18,1,1900);
INSERT INTO OrderItem VALUES(16,6,12,1,3299.989999999999782);
INSERT INTO OrderItem VALUES(17,6,9,1,2399.989999999999782);
INSERT INTO OrderItem VALUES(18,6,7,1,1499);
INSERT INTO OrderItem VALUES(19,6,4,1,1999.990000000000009);
INSERT INTO OrderItem VALUES(20,7,16,1,1900);
INSERT INTO OrderItem VALUES(21,8,2,1,1599.991999999999962);
CREATE TABLE IF NOT EXISTS "StoreSettings" (
    "id" INTEGER NOT NULL PRIMARY KEY AUTOINCREMENT DEFAULT 1,
    "storeName" TEXT NOT NULL DEFAULT 'My Store',
    "description" TEXT,
    "email" TEXT,
    "phone" TEXT,
    "address" TEXT,
    "currency" TEXT NOT NULL DEFAULT 'USD',
    "updatedAt" DATETIME NOT NULL
);
INSERT INTO StoreSettings VALUES(1,'YZL321Store','','','','','USD',1772807953675);
CREATE TABLE IF NOT EXISTS "Discount" (
    "id" INTEGER NOT NULL PRIMARY KEY AUTOINCREMENT,
    "name" TEXT NOT NULL,
    "type" TEXT NOT NULL,
    "value" DECIMAL NOT NULL,
    "active" BOOLEAN NOT NULL DEFAULT true,
    "productId" INTEGER,
    "minCartValue" DECIMAL,
    "createdAt" DATETIME NOT NULL DEFAULT CURRENT_TIMESTAMP,
    "updatedAt" DATETIME NOT NULL,
    CONSTRAINT "Discount_productId_fkey" FOREIGN KEY ("productId") REFERENCES "Product" ("id") ON DELETE SET NULL ON UPDATE CASCADE
);
INSERT INTO Discount VALUES(1,'%20 Test','PERCENTAGE',20,1,1,NULL,1772814114720,1772814114720);
CREATE TABLE IF NOT EXISTS "Coupon" (
    "id" INTEGER NOT NULL PRIMARY KEY AUTOINCREMENT,
    "code" TEXT NOT NULL,
    "type" TEXT NOT NULL,
    "value" DECIMAL NOT NULL,
    "minCartValue" DECIMAL,
    "active" BOOLEAN NOT NULL DEFAULT true,
    "usageLimit" INTEGER,
    "usedCount" INTEGER NOT NULL DEFAULT 0,
    "createdAt" DATETIME NOT NULL DEFAULT CURRENT_TIMESTAMP,
    "updatedAt" DATETIME NOT NULL
);
INSERT INTO Coupon VALUES(1,'INDIRIM','PERCENTAGE',30,NULL,1,NULL,1,1772814099833,1772814167023);
CREATE TABLE IF NOT EXISTS "User" (
    "id" INTEGER NOT NULL PRIMARY KEY AUTOINCREMENT,
    "email" TEXT NOT NULL,
    "password" TEXT NOT NULL,
    "firstName" TEXT,
    "lastName" TEXT,
    "phone" TEXT,
    "role" TEXT NOT NULL DEFAULT 'USER',
    "isBanned" BOOLEAN NOT NULL DEFAULT false,
    "createdAt" DATETIME NOT NULL DEFAULT CURRENT_TIMESTAMP,
    "updatedAt" DATETIME NOT NULL
);
INSERT INTO User VALUES(1,'admin@admin.com','$2b$10$7wdNU0q7p8R1DU9G80GG7OeQAgs0sRKySwTq.woeE6VwBpzKQAUC6','Admin','User',NULL,'ADMIN',0,1772807038611,1772807038611);
INSERT INTO User VALUES(2,'mehmetkaya@gmail.com','$2b$10$YNLPA7NO4uisUHEoSKr8EuvTpkrcGMdEFIXU0d3q7vENJMb5cYLMe','Mehmet','Kaya','05346574444','USER',0,1772808029740,1772808029740);
INSERT INTO User VALUES(3,'ayseyilmaz@gmail.com','$2b$10$abJDR3imCuMPcRyOE/ZZdu.pqnquYLQMvP.1gLYmhiGcyOW9kUKhW','Ayşe','Yılmaz','05346557555','USER',0,1772808216313,1772808216313);
INSERT INTO User VALUES(4,'bugraates@gmail.com','$2b$10$UTPj9uEq7UJErghvW3fgG.62Ycy/At9PFvdw8YQFZkM3MEILWq.Zm','Buğra','Ateş','05344334343','USER',0,1772808488775,1772808488775);
INSERT INTO User VALUES(5,'huseyinyildiz@gmail.com','$2b$10$Ye/MlLpq4/rkTzD.NBQCL.j2vP0llG/6qs5B/rbgU2abp2dzOYwV.','Hüseyin','Yıldız','05346574443','USER',0,1772809304695,1772809304695);
INSERT INTO User VALUES(6,'Velikara@gmail.com','$2b$10$NECtVRVYjtTljNzHr0JWquIvl7rIC.QgneQrHaMtUnP5v5X8oAzSO','veli','kara','05346574462','USER',0,1772809672007,1772809672007);
INSERT INTO User VALUES(7,'aliakpoyraz@gmail.com','$2b$10$LU9ATD2l4s8s5R4gAHLCwua7s4OlryLdN4qnNtkgbca9./TBeWolm','Ali','Akpoyraz','05346574464','USER',0,1772809948104,1772809948104);
CREATE TABLE IF NOT EXISTS "Address" (
    "id" INTEGER NOT NULL PRIMARY KEY AUTOINCREMENT,
    "userId" INTEGER NOT NULL,
    "title" TEXT NOT NULL,
    "address" TEXT NOT NULL,
    "city" TEXT NOT NULL,
    "country" TEXT NOT NULL DEFAULT 'Türkiye',
    "zipCode" TEXT,
    "isDefault" BOOLEAN NOT NULL DEFAULT false,
    "createdAt" DATETIME NOT NULL DEFAULT CURRENT_TIMESTAMP,
    "updatedAt" DATETIME NOT NULL,
    CONSTRAINT "Address_userId_fkey" FOREIGN KEY ("userId") REFERENCES "User" ("id") ON DELETE RESTRICT ON UPDATE CASCADE
);
INSERT INTO Address VALUES(1,7,'Malatya','Tecde Mah. Göznuru Sk. ','Malatya/Yeşilyurt','Türkiye','44400',1,1772809981455,1772809981455);
INSERT INTO Address VALUES(2,7,'Ankara','Arkatopraklık Mh. Halay Sk. 6/12','Ankara/Çankaya','Türkiye','',0,1772809998464,1772809998464);
CREATE TABLE IF NOT EXISTS "Favorite" (
    "id" INTEGER NOT NULL PRIMARY KEY AUTOINCREMENT,
    "userId" INTEGER NOT NULL,
    "productId" INTEGER NOT NULL,
    "createdAt" DATETIME NOT NULL DEFAULT CURRENT_TIMESTAMP,
    CONSTRAINT "Favorite_userId_fkey" FOREIGN KEY ("userId") REFERENCES "User" ("id") ON DELETE RESTRICT ON UPDATE CASCADE,
    CONSTRAINT "Favorite_productId_fkey" FOREIGN KEY ("productId") REFERENCES "Product" ("id") ON DELETE RESTRICT ON UPDATE CASCADE
);
INSERT INTO Favorite VALUES(1,1,1,1772807137390);
INSERT INTO Favorite VALUES(2,7,4,1772810025173);
INSERT INTO Favorite VALUES(3,7,3,1772810026965);
CREATE TABLE IF NOT EXISTS "ProductImage" (
    "id" INTEGER NOT NULL PRIMARY KEY AUTOINCREMENT,
    "url" TEXT NOT NULL,
    "productId" INTEGER NOT NULL,
    "order" INTEGER NOT NULL DEFAULT 0,
    "createdAt" DATETIME NOT NULL DEFAULT CURRENT_TIMESTAMP,
    CONSTRAINT "ProductImage_productId_fkey" FOREIGN KEY ("productId") REFERENCES "Product" ("id") ON DELETE RESTRICT ON UPDATE CASCADE
);
INSERT INTO ProductImage VALUES(1,'/uploads/1772807092729-pexels-gabby-k-6311251.jpg',1,0,1772807123501);
INSERT INTO ProductImage VALUES(2,'/uploads/1772807565972-pexels-anna-nekrashevich-8532616.jpg',2,0,1772807601627);
INSERT INTO ProductImage VALUES(3,'/uploads/1772807571219-pexels-cottonbro-4066292.jpg',2,1,1772807601627);
INSERT INTO ProductImage VALUES(4,'/uploads/1772808109494-pexels-gabby-k-6311612.jpg',3,0,1772808148627);
INSERT INTO ProductImage VALUES(5,'/uploads/1772808376752-pexels-renzylaurel-9370843.jpg',4,0,1772808425229);
INSERT INTO ProductImage VALUES(6,'/uploads/1772809747676-pexels-vie-studio-8148577.jpg',5,0,1772809798585);
CREATE TABLE IF NOT EXISTS "Review" (
    "id" INTEGER NOT NULL PRIMARY KEY AUTOINCREMENT,
    "rating" INTEGER NOT NULL,
    "comment" TEXT,
    "userId" INTEGER NOT NULL,
    "productId" INTEGER NOT NULL,
    "status" TEXT NOT NULL DEFAULT 'APPROVED',
    "createdAt" DATETIME NOT NULL DEFAULT CURRENT_TIMESTAMP,
    "updatedAt" DATETIME NOT NULL,
    CONSTRAINT "Review_userId_fkey" FOREIGN KEY ("userId") REFERENCES "User" ("id") ON DELETE RESTRICT ON UPDATE CASCADE,
    CONSTRAINT "Review_productId_fkey" FOREIGN KEY ("productId") REFERENCES "Product" ("id") ON DELETE RESTRICT ON UPDATE CASCADE
);
INSERT INTO Review VALUES(1,5,'başarılı',1,1,'APPROVED',1772807277077,1772807974712);
INSERT INTO Review VALUES(8,1,'Rezalet',2,2,'APPROVED',1772808056689,1772808056689);
INSERT INTO Review VALUES(9,4,'Çok iyi',2,1,'APPROVED',1772808066500,1772808066500);
INSERT INTO Review VALUES(10,5,'Çok beğendim',3,3,'APPROVED',1772808272677,1772808272677);
INSERT INTO Review VALUES(11,2,'Eh işte.',3,2,'APPROVED',1772808282011,1772808282011);
INSERT INTO Review VALUES(12,4,'Beğendik',3,1,'APPROVED',1772808291016,1772808291016);
INSERT INTO Review VALUES(13,5,'Dünyanın en iyisi ',4,4,'APPROVED',1772808513381,1772808513381);
INSERT INTO Review VALUES(14,4,'Tam benlik bir tişört olmuş',4,3,'APPROVED',1772808527011,1772808527011);
INSERT INTO Review VALUES(15,3,'beğenmedim iade edeceğim',4,2,'APPROVED',1772808543391,1772808543391);
INSERT INTO Review VALUES(16,5,'Baya güzel ',4,1,'APPROVED',1772808556041,1772808556041);
INSERT INTO Review VALUES(17,5,'Çok iyi',5,4,'APPROVED',1772809328638,1772809328638);
INSERT INTO Review VALUES(18,3,'Ortalama bir şey çokta abartmaya gerek yok',5,3,'APPROVED',1772809367447,1772809367447);
INSERT INTO Review VALUES(19,1,'Rezalet bir ürün paranıza yazık',5,2,'APPROVED',1772809384843,1772809384843);
INSERT INTO Review VALUES(20,5,'parasını kesinlikle hakediyor',5,1,'APPROVED',1772809402586,1772809402586);
INSERT INTO Review VALUES(21,3,'Eh işte.',6,5,'APPROVED',1772809856950,1772809856950);
INSERT INTO Review VALUES(22,4,'Güzel',6,4,'APPROVED',1772809865127,1772809865127);
INSERT INTO Review VALUES(23,3,'Ortalama',6,3,'APPROVED',1772809877047,1772809877047);
INSERT INTO Review VALUES(24,1,'',6,2,'APPROVED',1772809885237,1772809885237);
INSERT INTO Review VALUES(25,5,'10 yıldız olsa 10 verirdim',6,1,'APPROVED',1772809896244,1772809896244);
INSERT INTO Review VALUES(26,2,'Beğenmedim.',7,5,'APPROVED',1772814041542,1772814041542);
CREATE TABLE IF NOT EXISTS "Order" (
    "id" INTEGER NOT NULL PRIMARY KEY AUTOINCREMENT,
    "createdAt" DATETIME NOT NULL DEFAULT CURRENT_TIMESTAMP,
    "updatedAt" DATETIME NOT NULL,
    "status" TEXT NOT NULL DEFAULT 'CREATED',
    "total" DECIMAL NOT NULL,
    "userId" INTEGER,
    "customerName" TEXT NOT NULL,
    "customerAddress" TEXT NOT NULL,
    "customerEmail" TEXT NOT NULL,
    "customerPhone" TEXT NOT NULL DEFAULT '',
    "paymentMethod" TEXT NOT NULL DEFAULT 'CREDIT_CARD',
    "couponCode" TEXT,
    CONSTRAINT "Order_userId_fkey" FOREIGN KEY ("userId") REFERENCES "User" ("id") ON DELETE SET NULL ON UPDATE CASCADE
);
INSERT INTO "Order" VALUES(1,1772807261839,1772809484307,'DELIVERED',1999.990000000000009,1,'Admin User','sdf, İstanbul, Türkiye','admin@admin.com','+90 5343434343','CASH_ON_DELIVERY',NULL);
INSERT INTO "Order" VALUES(2,1772808044661,1772809480288,'DELIVERED',3498.989999999999782,2,'Mehmet Kaya','adasdasdasdasdasdsadasdsa Malatya, İstanbul, Türkiye','mehmetkaya@gmail.com','+90 5346574444','CASH_ON_DELIVERY',NULL);
INSERT INTO "Order" VALUES(3,1772808237158,1772809477505,'DELIVERED',5898.979999999999564,3,'Ayşe Yılmaz','Test, İstanbul, Türkiye','ayseyilmaz@gmail.com','+90 5346557555','CREDIT_CARD',NULL);
INSERT INTO "Order" VALUES(4,1772808498375,1772809471621,'DELIVERED',9198.969999999999345,4,'Buğra Ateş','F5, İstanbul, Türkiye','bugraates@gmail.com','+90 5344334343','CASH_ON_DELIVERY',NULL);
INSERT INTO "Order" VALUES(5,1772809312513,1772809468577,'DELIVERED',9198.969999999999345,5,'Hüseyin Yıldız','Hashdashdashdashdashhsdaahsd, İstanbul, Türkiye','huseyinyildiz@gmail.com','+90 5346574443','CASH_ON_DELIVERY',NULL);
INSERT INTO "Order" VALUES(6,1772809844918,1772814074178,'DELIVERED',11098.96999999999934,6,'veli kara','asdasdsadasdads, İstanbul, Türkiye','Velikara@gmail.com','+90 5346574462','CASH_ON_DELIVERY',NULL);
INSERT INTO "Order" VALUES(7,1772813983433,1772814071422,'SHIPPED',1900,7,'Ali Akpoyraz','Tecde Mah. Göznuru Sk. , Malatya/Yeşilyurt, Türkiye','aliakpoyraz@gmail.com','+90 5346574464','CASH_ON_DELIVERY',NULL);
INSERT INTO "Order" VALUES(8,1772814167025,1772814189996,'RETURNED',1119.994400000000041,1,'Admin User','ff, İstanbul, Türkiye','admin@admin.com','+90 5555555555','CASH_ON_DELIVERY','INDIRIM');
INSERT INTO sqlite_sequence VALUES('Order',8);
INSERT INTO sqlite_sequence VALUES('User',7);
INSERT INTO sqlite_sequence VALUES('Product',5);
INSERT INTO sqlite_sequence VALUES('ProductImage',6);
INSERT INTO sqlite_sequence VALUES('Variant',18);
INSERT INTO sqlite_sequence VALUES('Favorite',3);
INSERT INTO sqlite_sequence VALUES('OrderItem',21);
INSERT INTO sqlite_sequence VALUES('Review',26);
INSERT INTO sqlite_sequence VALUES('StoreSettings',1);
INSERT INTO sqlite_sequence VALUES('Address',2);
INSERT INTO sqlite_sequence VALUES('Coupon',1);
INSERT INTO sqlite_sequence VALUES('Discount',1);
CREATE UNIQUE INDEX "Variant_sku_key" ON "Variant"("sku");
CREATE UNIQUE INDEX "Coupon_code_key" ON "Coupon"("code");
CREATE UNIQUE INDEX "User_email_key" ON "User"("email");
CREATE UNIQUE INDEX "Favorite_userId_productId_key" ON "Favorite"("userId", "productId");
CREATE UNIQUE INDEX "Review_userId_productId_key" ON "Review"("userId", "productId");
COMMIT;
